{
	"sDiamond": {
        "template": "normal",
        "block": "minecraft:diamond_ore",
        "clusterSize": 4,
        "numClusters": 2,
        "meanHeight": 8,
        "maxVariance": 8,
        "retrogen": "true",
        "biomeRestriction": "none",
        "biomes": [],
        "dimensionRestriction": "blacklist",
        "dimensions": [
            -1,
            1
        ]
    },
	"sGold": {
        "template": "normal",
        "block": "minecraft:gold_ore",
        "clusterSize": 6,
        "numClusters": 6,
        "meanHeight": 13,
        "maxVariance": 8,
        "retrogen": "true",
        "biomeRestriction": "none",
        "biomes": [],
        "dimensionRestriction": "blacklist",
        "dimensions": [
            -1,
            1
        ]
    },
	"sLapis": {
        "template": "normal",
        "block": "minecraft:lapis_ore",
        "clusterSize": 4,
        "numClusters": 3,
        "meanHeight": 18,
        "maxVariance": 8,
        "retrogen": "true",
        "biomeRestriction": "none",
        "biomes": [],
        "dimensionRestriction": "blacklist",
        "dimensions": [
            -1,
            1
        ]
    },
	"sRedstone": {
        "template": "normal",
        "block": "minecraft:redstone_ore",
        "clusterSize": 6,
        "numClusters": 4,
        "meanHeight": 10,
        "maxVariance": 10,
        "retrogen": "true",
        "biomeRestriction": "none",
        "biomes": [],
        "dimensionRestriction": "blacklist",
        "dimensions": [
            -1,
            1
        ]
    },
	"sTin": {
        "template": "normal",
        "block": {"name": "ThermalFoundation:Ore", "metadata": 1},
        "clusterSize": 6,
        "numClusters": 3,
        "meanHeight": 23,
        "maxVariance": 8,
        "retrogen": "true",
        "biomeRestriction": "none",
        "biomes": [],
        "dimensionRestriction": "blacklist",
        "dimensions": [
            -1,
            1
        ]
    },
	"sSilverLead": {
        "template": "normal",
        "block": [
			{"name": "ThermalFoundation:Ore", "metadata": 2, "weight": 6},
			{"name": "ThermalFoundation:Ore", "metadata": 3, "weight": 3}
		],
        "clusterSize": 6,
        "numClusters": 3,
        "meanHeight": 28,
        "maxVariance": 8,
        "retrogen": "true",
        "biomeRestriction": "none",
        "biomes": [],
        "dimensionRestriction": "blacklist",
        "dimensions": [
            -1,
            1
        ]
    },
	"sIron": {
        "template": "normal",
        "block": "minecraft:iron_ore",
        "clusterSize": 6,
        "numClusters": 5,
        "meanHeight": 33,
        "maxVariance": 10,
        "retrogen": "true",
        "biomeRestriction": "none",
        "biomes": [],
        "dimensionRestriction": "blacklist",
        "dimensions": [
            -1,
            1
        ]
    },
	"sNickel": {
        "template": "normal",
        "block": [
			{"name": "ThermalFoundation:Ore", "metadata": 4, "weight": 16},
			{"name": "ThermalFoundation:Ore", "metadata": 5, "weight": 1}
		],
        "clusterSize": 3,
        "numClusters": 4,
        "meanHeight": 38,
        "maxVariance": 8,
        "retrogen": "true",
        "biomeRestriction": "none",
        "biomes": [],
        "dimensionRestriction": "blacklist",
        "dimensions": [
            -1,
            1
        ]
    },
	"sCopper": {
        "template": "normal",
        "block": {"name": "ThermalFoundation:Ore", "metadata": 0},
        "clusterSize": 6,
        "numClusters": 3,
        "meanHeight": 43,
        "maxVariance": 8,
        "retrogen": "true",
        "biomeRestriction": "none",
        "biomes": [],
        "dimensionRestriction": "blacklist",
        "dimensions": [
            -1,
            1
        ]
    },
	"sAluminum": {
        "template": "normal",
        "block": {"name": "TConstruct:SearedBrick", "metadata": 5},
        "clusterSize": 6,
        "numClusters": 3,
        "meanHeight": 48,
        "maxVariance": 8,
        "retrogen": "true",
        "biomeRestriction": "none",
        "biomes": [],
        "dimensionRestriction": "blacklist",
        "dimensions": [
            -1,
            1
        ]
    }
}