{
	"pNickel": {
        "template": "normal",
        "block": [
			{"name": "ThermalFoundation:Ore", "metadata": 4, "weight": 10},
			{"name": "ThermalFoundation:Ore", "metadata": 5, "weight": 1}
		],
        "clusterSize": 6,
        "numClusters": 2,
        "meanHeight": 38,
        "maxVariance": 3,
        "retrogen": "true",
        "biomeRestriction": "none",
        "biomes": [],
        "dimensionRestriction": "blacklist",
        "dimensions": [
            -1,
            1
        ]
    },
	"sNickel": {
        "template": "normal",
        "block": [
			{"name": "ThermalFoundation:Ore", "metadata": 4, "weight": 10},
			{"name": "ThermalFoundation:Ore", "metadata": 5, "weight": 1}
		],
        "clusterSize": 3,
        "numClusters": 4,
        "meanHeight": 38,
        "maxVariance": 8,
        "retrogen": "true",
        "biomeRestriction": "none",
        "biomes": [],
        "dimensionRestriction": "blacklist",
        "dimensions": [
            -1,
            1
        ]
    },
	"tNickel": {
        "template": "uniform",
        "block": [
			{"name": "ThermalFoundation:Ore", "metadata": 4, "weight": 10},
			{"name": "ThermalFoundation:Ore", "metadata": 5, "weight": 1}
		],
        "clusterSize": 4,
        "numClusters": 4,
        "minHeight": 1,
        "maxHeight": 55,
        "retrogen": "true",
        "biomeRestriction": "none",
        "biomes": [],
        "dimensionRestriction": "blacklist",
        "dimensions": [
            -1,
            1
        ]
    }
}
