{
	"pCopper": {
        "template": "normal",
        "block": {"name": "ThermalFoundation:Ore", "metadata": 0},
        "clusterSize": 10,
        "numClusters": 2,
        "meanHeight": 43,
        "maxVariance": 3,
        "retrogen": "true",
        "biomeRestriction": "none",
        "biomes": [],
        "dimensionRestriction": "blacklist",
        "dimensions": [
            -1,
            1
        ]
    },
	"sCopper": {
        "template": "normal",
        "block": {"name": "ThermalFoundation:Ore", "metadata": 0},
        "clusterSize": 6,
        "numClusters": 3,
        "meanHeight": 43,
        "maxVariance": 8,
        "retrogen": "true",
        "biomeRestriction": "none",
        "biomes": [],
        "dimensionRestriction": "blacklist",
        "dimensions": [
            -1,
            1
        ]
    },
	"tCopper": {
        "template": "uniform",
        "block": {"name": "ThermalFoundation:Ore", "metadata": 0},
        "clusterSize": 4,
        "numClusters": 8,
        "minHeight": 1,
        "maxHeight": 60,
        "retrogen": "true",
        "biomeRestriction": "none",
        "biomes": [],
        "dimensionRestriction": "blacklist",
        "dimensions": [
            -1,
            1
        ]
    }
}
