{
	"pRedstone": {
        "template": "normal",
        "block": "minecraft:redstone_ore",
        "clusterSize": 8,
        "numClusters": 2,
        "meanHeight": 10,
        "maxVariance": 6,
        "retrogen": "true",
        "biomeRestriction": "none",
        "biomes": [],
        "dimensionRestriction": "blacklist",
        "dimensions": [
            -1,
            1
        ]
    },
	"sRedstone": {
        "template": "normal",
        "block": "minecraft:redstone_ore",
        "clusterSize": 6,
        "numClusters": 4,
        "meanHeight": 10,
        "maxVariance": 10,
        "retrogen": "true",
        "biomeRestriction": "none",
        "biomes": [],
        "dimensionRestriction": "blacklist",
        "dimensions": [
            -1,
            1
        ]
    }
}

