{
    "images":
    {
        "title":
        {
            "image" : "mainmenu:logo.png",
            "posX" : -125,
            "posY" : 25,
            "width" : 250,
            "height" : 65,
            "alignment" : "top_center"
        }
    },
    
    "buttons":
    {
        "singleplayer":
        {
            "text" : "menu.singleplayer",
            "posX" : -100,
            "posY" : 48,
            "width" : 200,
            "height" : 20,
            "action" : 
            {
                "type" : "openGui",
                "gui" : "singleplayer"
            }
        },
        
        "multiplayer":
        {
            "text" : "menu.multiplayer",
            "posX" : -100,
            "posY" : 72,
            "width" : 200,
            "height" : 20,
            "action" : 
            {
                "type" : "openGui",
                "gui" : "multiplayer"
            }
        },
        
        "mods":
        {
            "text" : "Mods",
            "posX" : -100,
            "posY" : 96,
            "width" : 200,
            "height" : 20,
            "action" : 
            {
                "type" : "openGui",
                "gui" : "mods"
            }
        },
            
        "options":
        {
            "text" : "menu.options",
            "posX" : -100,
            "posY" : 132,
            "width" : 98,
            "height" : 20,
            "action" : 
            {
                "type" : "openGui",
                "gui" : "options"
            }
        },
        
        "quit":
        {
            "text" : "menu.quit",
            "posX" : 2,
            "posY" : 132,
            "width" : 98,
            "height" : 20,
            "action" : 
            {
                "type" : "quit"
            }
        },
        
        "language":
        {
            "text" : "",
            "posX" : -124,
            "posY" : 132,
            "width" : 20,
            "height" : 20,
            "action" : 
            {
                "type" : "openGui",
                "gui" : "languages"
            }
        },
        
        "refresh":
        {
            "text" : "",
            "posX" : -154,
            "posY" : 132,
            "width" : 20,
            "height" : 20,
            "texture" : "custommainmenu:textures/gui/buttons.png",
            "action" : 
            {
                "type" : "refresh"
            }
        }
    },
    
    "texts":
    {
        "mojang":
        {
            "text" : "Copyright Mojang AB",
            "posX" : -65,
            "posY" : -7,
            "fontSize" : 0.6,
            "color" : -1,
            "alignment" : "bottom_right"
        },
        
        "forge":
        {
            "text" : "Minecraft #mcversion#",
            "posX" : 3,
            "posY" : -19,
            "fontSize" : 0.6,
            "color" : -1,
            "hoverColor" : -1,
            "alignment" : "bottom_left"
        },
        
        "modsloaded":
        {
            "text" : "#modsloaded# Mods Loaded",
            "posX" : 3,
            "posY" : -13,
            "fontSize" : 0.6,
            "color" : -1,
            "hoverColor" : -1,
            "alignment" : "bottom_left"
        },
        
        "modsactive" : {
            "text" : "#modsactive# Mods Active",
            "posX" : 3,
            "posY" : -7,
            "fontSize" : 0.6,
            "color" : -1,
            "hoverColor" : -1,
            "alignment" : "bottom_left"
        },
        
        "modpack":
        {
            "text" : "Iacon B.0.0",
            "posX" : 3,
            "posY" : -25,
            "fontSize" : 0.6,
            "color" : -1,
            "alignment" : "bottom_left"
        }
    },
    
    "other":
    {
        "panorama":
        {
            "images" : "minecraft:textures/gui/title/background/panorama_%c.png",
            "animate" : true,
            "animationSpeed" : 1,
            "blur" : true,
            "gradient" : true
        }
    }
}
