{
	"pSilverLead": {
        "template": "normal",
        "block": [
			{"name": "ThermalFoundation:Ore", "metadata": 2, "weight": 6},
			{"name": "ThermalFoundation:Ore", "metadata": 3, "weight": 3}
		],
        "clusterSize": 10,
        "numClusters": 1,
        "meanHeight": 28,
        "maxVariance": 3,
        "retrogen": "true",
        "biomeRestriction": "none",
        "biomes": [],
        "dimensionRestriction": "blacklist",
        "dimensions": [
            -1,
            1
        ]
    },
	"sSilverLead": {
        "template": "normal",
        "block": [
			{"name": "ThermalFoundation:Ore", "metadata": 2, "weight": 6},
			{"name": "ThermalFoundation:Ore", "metadata": 3, "weight": 3}
		],
        "clusterSize": 6,
        "numClusters": 3,
        "meanHeight": 28,
        "maxVariance": 8,
        "retrogen": "true",
        "biomeRestriction": "none",
        "biomes": [],
        "dimensionRestriction": "blacklist",
        "dimensions": [
            -1,
            1
        ]
    },
	"tSilverLead": {
        "template": "uniform",
        "block": [
			{"name": "ThermalFoundation:Ore", "metadata": 2, "weight": 6},
			{"name": "ThermalFoundation:Ore", "metadata": 3, "weight": 3}
		],
        "clusterSize": 4,
        "numClusters": 8,
        "minHeight": 1,
        "maxHeight": 45,
        "retrogen": "true",
        "biomeRestriction": "none",
        "biomes": [],
        "dimensionRestriction": "blacklist",
        "dimensions": [
            -1,
            1
        ]
    },
}
